-- MySQL dump 10.13  Distrib 5.7.11, for Win64 (x86_64)
--
-- Host: localhost    Database: bootcamp
-- ------------------------------------------------------
-- Server version	5.7.11-log

/*!40101 SET @OLD_CHARACTER_SET_CLIENT=@@CHARACTER_SET_CLIENT */;
/*!40101 SET @OLD_CHARACTER_SET_RESULTS=@@CHARACTER_SET_RESULTS */;
/*!40101 SET @OLD_COLLATION_CONNECTION=@@COLLATION_CONNECTION */;
/*!40101 SET NAMES utf8 */;
/*!40103 SET @OLD_TIME_ZONE=@@TIME_ZONE */;
/*!40103 SET TIME_ZONE='+00:00' */;
/*!40014 SET @OLD_UNIQUE_CHECKS=@@UNIQUE_CHECKS, UNIQUE_CHECKS=0 */;
/*!40014 SET @OLD_FOREIGN_KEY_CHECKS=@@FOREIGN_KEY_CHECKS, FOREIGN_KEY_CHECKS=0 */;
/*!40101 SET @OLD_SQL_MODE=@@SQL_MODE, SQL_MODE='NO_AUTO_VALUE_ON_ZERO' */;
/*!40111 SET @OLD_SQL_NOTES=@@SQL_NOTES, SQL_NOTES=0 */;

--
-- Table structure for table `booking`
--

DROP TABLE IF EXISTS `booking`;
/*!40101 SET @saved_cs_client     = @@character_set_client */;
/*!40101 SET character_set_client = utf8 */;
CREATE TABLE `booking` (
  `id` int(11) NOT NULL AUTO_INCREMENT,
  `restaurant_id` int(11) NOT NULL,
  `date_time` datetime NOT NULL,
  `duration` decimal(3,1) NOT NULL,
  `count` tinyint(2) NOT NULL,
  `contact_name` varchar(50) NOT NULL,
  `contact_method` varchar(45) NOT NULL,
  `contact_phone_number` varchar(45) DEFAULT NULL,
  `comments` text,
  `creation_time` datetime DEFAULT CURRENT_TIMESTAMP,
  `modification_time` datetime DEFAULT CURRENT_TIMESTAMP ON UPDATE CURRENT_TIMESTAMP,
  `canceled` tinyint(1) DEFAULT '0',
  PRIMARY KEY (`id`),
  KEY `fk_booking_restaurant_idx` (`restaurant_id`),
  CONSTRAINT `fk_booking_restaurant` FOREIGN KEY (`restaurant_id`) REFERENCES `restaurant` (`id`) ON DELETE NO ACTION ON UPDATE NO ACTION
) ENGINE=InnoDB AUTO_INCREMENT=3023 DEFAULT CHARSET=utf8;
/*!40101 SET character_set_client = @saved_cs_client */;

--
-- Dumping data for table `booking`
--

LOCK TABLES `booking` WRITE;
/*!40000 ALTER TABLE `booking` DISABLE KEYS */;
INSERT INTO `booking` VALUES (2722,3,'2016-04-12 12:25:59',37.9,11,'Drkijqnihin Cdakbgp','email',NULL,NULL,'2016-04-01 18:42:11','2016-04-01 18:42:11',0),(2723,8,'2016-04-05 02:33:45',30.3,24,'Kisjommb Ajcemspvqu','muu',NULL,NULL,'2016-04-01 18:42:11','2016-04-01 18:42:11',0),(2724,8,'2016-04-04 02:40:30',6.9,29,'Bialdqifu Bjarlt','telefon',NULL,NULL,'2016-04-01 18:42:11','2016-04-01 18:42:11',0),(2725,1,'2016-04-07 00:04:42',47.8,2,'Fdgqqidbj Phptuta','muu','2768222020',NULL,'2016-04-01 18:42:11','2016-04-01 18:42:11',0),(2726,3,'2016-04-10 21:13:10',18.5,3,'Abpqbseki Kphg','email',NULL,NULL,'2016-04-01 18:42:11','2016-04-01 18:42:11',0),(2727,14,'2016-04-02 23:43:31',25.8,48,'Asbpuvlajbt Cbdsgeunva','email','1926125331','','2016-04-01 18:42:12','2016-04-01 18:42:12',0),(2728,8,'2016-04-05 09:26:05',37.5,23,'Odkeouojoae Ekvfqntfot','email','3319802888',NULL,'2016-04-01 18:42:12','2016-04-01 18:42:12',0),(2729,1,'2016-04-10 14:40:20',26.5,34,'Eelkujbe Pnfmckuu','muu',NULL,'14j486o 1iabq04 378tiob 2lq89vl 16ug78b rvmbkh ','2016-04-01 18:42:12','2016-04-01 18:42:12',0),(2730,2,'2016-04-01 06:39:00',48.0,33,'Nusaurcueg Oajdaads','telefon',NULL,NULL,'2016-04-01 18:42:12','2016-04-01 18:42:12',0),(2731,2,'2016-04-02 05:11:53',33.4,32,'Adtmhqbb Nojgvf','email',NULL,NULL,'2016-04-01 18:42:12','2016-04-01 18:42:12',0),(2732,8,'2016-04-11 03:20:03',6.5,11,'Cirpnaa Cdfqovpei','muu','3342451306',NULL,'2016-04-01 18:42:12','2016-04-01 18:42:12',0),(2733,2,'2016-04-05 13:27:58',13.4,17,'Sfagaj Tuatcflfkf','telefon',NULL,NULL,'2016-04-01 18:42:12','2016-04-01 18:42:12',0),(2734,8,'2016-04-06 07:43:00',13.2,6,'Lnteoql Abjqfiapg','email','3925669051',NULL,'2016-04-01 18:42:12','2016-04-03 22:11:43',0),(2735,3,'2016-04-05 17:53:18',25.2,13,'Dmsicdp Epeoepldfo','muu',NULL,'1h4guuj 2tk3bao 3dh69gk ','2016-04-01 18:42:12','2016-04-01 18:42:12',0),(2736,2,'2016-04-02 07:43:39',0.4,49,'Asuuuld Bnqaukucp','email','1008906653','3rjhcuu rhchb8 ','2016-04-01 18:42:12','2016-04-01 18:42:12',0),(2737,3,'2016-04-07 12:23:42',20.8,22,'Jaulem Jkjeqdfms','telefon',NULL,'343p1jd 21ulc8c ','2016-04-01 18:42:12','2016-04-01 18:42:12',0),(2738,8,'2016-04-03 14:45:55',21.7,40,'Edsspdpq Subkkqujn','email','981676685','20am5bj ','2016-04-01 18:42:12','2016-04-01 18:42:12',0),(2739,8,'2016-04-03 09:28:18',30.1,1,'Oloamkq Qnstbok','email',NULL,NULL,'2016-04-01 18:42:12','2016-04-01 18:42:12',0),(2740,3,'2016-04-09 17:25:58',27.9,35,'Flqpokeml Soelffp','telefon','77392331','163gt9l 3a8s9q 6bkoj4 2tq5usg ','2016-04-01 18:42:12','2016-04-01 18:42:12',0),(2741,3,'2016-04-07 16:37:30',37.5,41,'Holrvgdpn Fvsjevcou','email','136137289',NULL,'2016-04-01 18:42:12','2016-04-01 18:42:12',0),(2742,2,'2016-04-11 06:21:43',22.0,38,'Ihgqdg Enbuchkloe','email',NULL,NULL,'2016-04-01 18:42:12','2016-04-01 18:42:12',0),(2743,14,'2016-04-06 22:38:45',26.4,25,'Egcbsvg Fjeckteubfo','muu',NULL,NULL,'2016-04-01 18:42:12','2016-04-01 18:42:12',0),(2744,8,'2016-04-08 23:11:49',33.5,3,'Ftjrlknb Fsmmcu','muu',NULL,NULL,'2016-04-01 18:42:12','2016-04-01 18:42:12',0),(2745,14,'2016-04-10 22:14:01',4.6,30,'Opvimkg Cnuoshfrg','telefon','1290540592',NULL,'2016-04-01 18:42:12','2016-04-01 18:42:12',0),(2746,1,'2016-04-04 06:05:49',28.1,6,'Bgnnbmtdmv Efpekpl','email',NULL,NULL,'2016-04-01 18:42:12','2016-04-01 18:42:12',0),(2747,3,'2016-04-11 08:35:01',29.2,47,'Blhauhfoo Sqcdmrjppo','email',NULL,NULL,'2016-04-01 18:42:12','2016-04-01 18:42:12',0),(2748,14,'2016-04-13 07:16:35',19.4,27,'Bhsgfncoa Uleluffqg','email','3035213796',NULL,'2016-04-01 18:42:12','2016-04-01 18:42:12',0),(2749,1,'2016-04-12 13:26:13',15.4,30,'Mqnccvjpo Irmejevvp','muu','511043499',NULL,'2016-04-01 18:42:12','2016-04-01 18:42:12',0),(2750,3,'2016-04-12 00:05:05',13.7,22,'Pnejplkpqh Ppsspuggkg','muu','500783966',NULL,'2016-04-01 18:42:12','2016-04-01 18:42:12',0),(2751,8,'2016-04-13 04:30:41',33.0,49,'Kouinucoe Jaiiaim','telefon','3851245463','ovgi30 ','2016-04-01 18:42:12','2016-04-01 18:42:12',0),(2752,1,'2016-04-04 17:50:33',28.8,17,'Fhekkgpjnq Ngrplcvg','telefon',NULL,NULL,'2016-04-01 18:42:12','2016-04-01 18:42:12',0),(2753,3,'2016-04-07 06:43:23',32.7,22,'Dfalqihflqpo Ctfrjohje','telefon','4059761824',NULL,'2016-04-01 18:42:13','2016-04-01 18:42:13',0),(2754,3,'2016-04-03 07:58:05',41.1,34,'Loggaroc Bjnfieca','telefon','134483317',NULL,'2016-04-01 18:42:13','2016-04-01 18:42:13',0),(2755,2,'2016-04-05 00:33:23',20.8,25,'Dnrpvhgi Fvecavam','muu',NULL,NULL,'2016-04-01 18:42:13','2016-04-01 18:42:13',0),(2756,14,'2016-04-03 08:36:23',39.9,24,'Lovmmujct Eadngadleo','telefon','292077332',NULL,'2016-04-01 18:42:13','2016-04-01 18:42:13',0),(2757,1,'2016-04-03 07:25:44',49.3,25,'Kpnrjqh Aeoariok','email','680712268','229bjfs ','2016-04-01 18:42:13','2016-04-01 18:42:13',0),(2758,3,'2016-04-12 19:57:35',31.3,34,'Elkftmrfj Nmnvtbacmpl','telefon','1159889603',NULL,'2016-04-01 18:42:13','2016-04-01 18:42:13',0),(2759,3,'2016-04-06 11:20:28',48.0,42,'Heihgnq Dulnjmfal','muu','1681020595','258vnf2 1mj8g3m 59o2nf ','2016-04-01 18:42:13','2016-04-01 18:42:13',0),(2760,2,'2016-04-03 11:16:58',34.6,31,'Bvqilmu Fqabjklca','email',NULL,NULL,'2016-04-01 18:42:13','2016-04-01 18:42:13',0),(2761,3,'2016-04-09 11:43:24',48.1,2,'Nhdbjbje Cnqips','email',NULL,'2ifboqo 3f68hnc 2pp3i93 1v5dv6l ','2016-04-01 18:42:13','2016-04-01 18:42:13',0),(2762,14,'2016-04-09 08:18:39',20.3,42,'Dfdjidkeni Oaajidbva','email',NULL,NULL,'2016-04-01 18:42:13','2016-04-01 18:42:13',0),(2763,2,'2016-04-11 20:39:58',30.6,9,'Liompprrv Rrfevel','telefon',NULL,NULL,'2016-04-01 18:42:13','2016-04-01 18:42:13',0),(2764,3,'2016-04-08 23:25:07',11.9,32,'Avbrbdpg Kuqiqmdatvd','email','1389428108','1ft39an 1unrtnm d74q5f 3uao3e1 ','2016-04-01 18:42:13','2016-04-01 18:42:13',0),(2765,8,'2016-04-09 14:50:46',0.6,29,'Ckrhgccuvek Dvmldog','telefon','3173809012',NULL,'2016-04-01 18:42:13','2016-04-01 18:42:13',0),(2766,1,'2016-04-13 08:40:54',34.6,22,'Fodnhjttkd Frmdqamkto','email','3165060061',NULL,'2016-04-01 18:42:13','2016-04-01 18:42:13',0),(2767,3,'2016-04-05 10:45:18',48.3,39,'Dobtfptukd Tsqsaeoga','email','1041875498','','2016-04-01 18:42:13','2016-04-01 18:42:13',0),(2768,8,'2016-04-01 05:02:20',39.8,42,'Dtrrfvunp Dccseckcj','muu','3210417072',NULL,'2016-04-01 18:42:13','2016-04-01 18:42:13',0),(2769,3,'2016-04-02 05:18:52',14.3,29,'Dcmddrard Etvdmpril','muu',NULL,NULL,'2016-04-01 18:42:13','2016-04-01 18:42:13',0),(2770,8,'2016-04-13 02:03:51',25.4,4,'Kbomqutkl Cacmama','telefon','1449722996','145rqki ','2016-04-01 18:42:13','2016-04-01 18:42:13',0),(2771,2,'2016-04-02 14:01:55',20.0,15,'Aggabkseo Ehpsbedhpkd','email','3216969030',NULL,'2016-04-01 18:42:13','2016-04-01 18:42:13',0),(2772,14,'2016-04-01 22:08:36',13.6,38,'Smskbuanpnp Huiqer','email','4262226387',NULL,'2016-04-01 18:42:13','2016-04-01 18:42:13',0),(2773,3,'2016-04-09 15:30:13',28.1,44,'Eqooavp Retuatipc','telefon','42377431','478brl 1s4neiv 3ume4od 343nht glgl05 28vqoe9 ','2016-04-01 18:42:13','2016-04-01 18:42:13',0),(2774,1,'2016-04-07 13:37:14',24.1,43,'Jbcovi Brhbehkrsl','muu',NULL,NULL,'2016-04-01 18:42:13','2016-04-01 18:42:13',0),(2775,3,'2016-04-03 04:59:00',8.1,45,'Aakokeod Ifimndqeai','email','2723782499','1jg84gf ','2016-04-01 18:42:13','2016-04-03 22:10:30',0),(2776,2,'2016-04-04 17:56:08',3.7,33,'Vaiheuqnu Dljjmpntn','telefon','4281882836','1adajpe 2vcf9ed 3l3hdjk 3e2r07u 2ht07db 397u7jl ','2016-04-01 18:42:13','2016-04-01 18:42:13',0),(2777,3,'2016-04-09 02:35:02',0.1,39,'Llsijtep Sbamtkf','telefon',NULL,NULL,'2016-04-01 18:42:13','2016-04-01 18:42:13',0),(2778,3,'2016-04-04 13:02:25',36.0,28,'Crvtacoa Gtriqmlum','telefon',NULL,NULL,'2016-04-01 18:42:13','2016-04-01 18:42:13',0),(2779,1,'2016-04-09 03:50:27',43.6,47,'Dnpmgrnh Cankbcpdbi','email',NULL,NULL,'2016-04-01 18:42:13','2016-04-01 18:42:13',0),(2780,14,'2016-04-05 23:53:57',12.9,46,'Lutbtftl Dpcsrkf','muu','850367766',NULL,'2016-04-01 18:42:13','2016-04-01 18:42:13',0),(2781,3,'2016-04-07 11:50:08',38.0,2,'Aakokftsve Attheqm','telefon',NULL,NULL,'2016-04-01 18:42:13','2016-04-01 18:42:13',0),(2782,2,'2016-04-02 05:22:57',20.8,47,'Qibdjhggbaf Jhfngajcii','telefon','3878983641','3j46gib 1e1uo4r kjuakb 1ldi04j ','2016-04-01 18:42:14','2016-04-01 18:42:14',0),(2783,3,'2016-04-05 16:04:46',34.0,38,'Edqgthuaiqa Ldglnlt','telefon','3581545156','q1a3uc 1sf7dm1 ','2016-04-01 18:42:14','2016-04-01 18:42:14',0),(2784,1,'2016-04-11 05:02:30',2.4,31,'Ratrrsfvi Fsmdluvie','email','4116919960','247p9no ','2016-04-01 18:42:14','2016-04-01 18:42:14',0),(2785,14,'2016-04-03 14:00:47',39.2,4,'Sastbggo Edkvavni','telefon','1583119906',NULL,'2016-04-01 18:42:14','2016-04-01 18:42:14',0),(2786,1,'2016-04-13 05:59:32',18.4,12,'Scsgfpis Fhldtvjbae','telefon',NULL,NULL,'2016-04-01 18:42:14','2016-04-01 18:42:14',0),(2787,2,'2016-04-13 03:24:13',35.3,6,'Kbmnliu Bcaiikvf','muu','1254967911',NULL,'2016-04-01 18:42:14','2016-04-01 18:42:14',0),(2788,3,'2016-04-03 07:22:13',8.7,11,'Ediailebb Jfopgrm','email',NULL,NULL,'2016-04-01 18:42:14','2016-04-01 18:42:14',0),(2789,2,'2016-04-07 17:51:28',20.7,13,'Ceeeekj Erhmtjudqi','telefon',NULL,NULL,'2016-04-01 18:42:14','2016-04-01 18:42:14',0),(2790,3,'2016-04-08 11:30:23',46.9,16,'Cmtfvmatk Fnrlcrfbln','email','1330730097',NULL,'2016-04-01 18:42:14','2016-04-01 18:42:14',0),(2791,8,'2016-03-31 18:45:24',45.9,15,'Ovqpdago Cgjrscispjo','muu','2872969188',NULL,'2016-04-01 18:42:14','2016-04-01 18:42:14',0),(2792,1,'2016-04-05 00:48:35',20.5,30,'Fafsogdeu Afsralu','muu','386384452',NULL,'2016-04-01 18:42:14','2016-04-01 18:42:14',0),(2793,3,'2016-04-07 09:21:26',40.3,37,'Fkucqqvcg Fllrhdgpaphl','muu',NULL,NULL,'2016-04-01 18:42:14','2016-04-01 18:42:14',0),(2794,8,'2016-04-03 14:13:13',33.6,9,'Snbufudk Uistnhuhh','telefon',NULL,NULL,'2016-04-01 18:42:14','2016-04-01 18:42:14',0),(2795,3,'2016-04-07 01:39:12',13.9,32,'Fidqbmmgr Vkhkfnpamh','email','3646840321',NULL,'2016-04-01 18:42:14','2016-04-01 18:42:14',0),(2796,14,'2016-04-09 14:43:54',24.5,11,'Mabjpvrhjsu Cpnvsjlvug','email',NULL,'1k77nt1 27hshuu ram3f0 mq913g 259unf9 239ahad ','2016-04-01 18:42:14','2016-04-01 18:42:14',0),(2797,8,'2016-04-06 02:35:43',15.9,33,'Ectethonjis Beorngkmb','email',NULL,NULL,'2016-04-01 18:42:14','2016-04-01 18:42:14',0),(2798,3,'2016-04-12 14:21:57',23.3,42,'Egkghkemt Bhdtthadks','telefon','4125185631',NULL,'2016-04-01 18:42:14','2016-04-01 18:42:14',0),(2799,3,'2016-04-08 14:13:51',19.2,34,'Folemihdg Qrbnbfol','telefon',NULL,'2lall3f 1ltbubq 21l6a1a ','2016-04-01 18:42:14','2016-04-01 18:42:14',0),(2800,2,'2016-04-04 18:45:59',10.5,22,'Eesaggus Dstsllanbqt','muu','1598796772',NULL,'2016-04-01 18:42:14','2016-04-01 18:42:14',0),(2801,3,'2016-04-08 04:46:54',44.1,33,'Vhbpelvth Epliravu','muu','991876023',NULL,'2016-04-01 18:42:14','2016-04-01 18:42:14',0),(2802,1,'2016-04-10 08:10:27',41.6,5,'Bvdjpammu Ehfphphrrtd','telefon',NULL,NULL,'2016-04-01 18:42:14','2016-04-01 18:42:14',0),(2803,8,'2016-04-01 19:59:38',44.4,46,'Aucnndoqc Qijcbloq','telefon','2990049264',NULL,'2016-04-01 18:42:14','2016-04-01 18:42:14',0),(2804,14,'2016-04-14 01:10:43',19.5,28,'Qktqrfrfg Jtacuqom','muu','4214844034',NULL,'2016-04-01 18:42:14','2016-04-01 18:42:14',0),(2805,8,'2016-04-01 12:51:03',9.3,40,'Vkvhhctm Epcvglfmavq','muu','72196710','16ia321 183amcu 1rkj20h vdpfb5 ','2016-04-01 18:42:14','2016-04-01 18:42:14',0),(2806,2,'2016-04-04 11:47:59',24.0,3,'Bjmjtvtqr Nsmuftnj','muu','645750448',NULL,'2016-04-01 18:42:15','2016-04-01 18:42:15',0),(2807,2,'2016-04-04 19:45:11',30.1,46,'Sflsqhe Ghirrdigbl','email','2888120541',NULL,'2016-04-01 18:42:15','2016-04-01 18:42:15',0),(2808,2,'2016-04-13 22:36:22',26.2,21,'Juclqlkp Dglvcumbn','email','2882865529',NULL,'2016-04-01 18:42:15','2016-04-01 18:42:15',0),(2809,8,'2016-04-01 19:27:44',11.0,33,'Avutccpbnm Dvibpu','telefon','3293324472',NULL,'2016-04-01 18:42:15','2016-04-01 18:42:15',0),(2810,3,'2016-04-01 07:20:17',24.4,8,'Bgbftvensjs Effbmpcbjsj','muu',NULL,NULL,'2016-04-01 18:42:15','2016-04-01 18:42:15',0),(2811,1,'2016-04-09 04:18:50',28.8,12,'Ccfnqtkc Jqcmtmsp','telefon',NULL,'3a1dpla 13ee2k2 1hcu73r 1dr7p31 ','2016-04-01 18:42:15','2016-04-01 18:42:15',0),(2812,8,'2016-04-11 00:04:21',46.9,31,'Fqhmp Lrddhs','email','3470055088','3maq0a6 3g7gioq 2438qf6 3ekgeag ','2016-04-01 18:42:15','2016-04-01 18:42:15',0),(2813,1,'2016-04-04 18:37:52',1.6,44,'Pihpfgtgg Dcrbhsgbp','muu',NULL,'2sg5k4s 8afpul 1jp7sl ','2016-04-01 18:42:15','2016-04-01 18:42:15',0),(2814,3,'2016-04-02 23:39:39',24.7,27,'Oubusupqsjjt Hngdgbue','muu',NULL,'5a6d96 23r095q 3889s5c gn54b4 ','2016-04-01 18:42:15','2016-04-01 18:42:15',0),(2815,3,'2016-04-10 01:58:00',2.9,21,'Eetovnoka Jnucmjopd','muu','2290348620',NULL,'2016-04-01 18:42:15','2016-04-01 18:42:15',0),(2816,3,'2016-04-05 07:27:58',12.1,14,'Rpnpucnc Cmidmakvgfh','telefon',NULL,NULL,'2016-04-01 18:42:15','2016-04-01 18:42:15',0),(2817,2,'2016-03-31 23:10:07',45.2,3,'Hcdusl Ipbnsbkjdu','email','3251971401',NULL,'2016-04-01 18:42:15','2016-04-01 18:42:15',0),(2818,3,'2016-04-01 02:56:34',18.4,38,'Arvvdphorfu Cpfvhpphf','muu',NULL,NULL,'2016-04-01 18:42:15','2016-04-01 18:42:15',0),(2819,8,'2016-04-10 16:43:00',35.2,26,'Cknuljufk Epppfon','telefon','2833245754','1598pg9 2kllh9c ','2016-04-01 18:42:15','2016-04-01 18:42:15',0),(2820,2,'2016-04-14 17:32:53',5.1,27,'Fnqbieffa Konkom','email','493028382',NULL,'2016-04-01 18:42:15','2016-04-01 18:42:15',0),(2821,1,'2016-04-11 01:47:00',17.2,22,'Brslsjboi Ipfobjdvul','email','1018066856',NULL,'2016-04-01 18:42:15','2016-04-01 18:42:15',0),(2822,1,'2016-04-02 00:41:57',16.6,10,'Bpcadbelcu Fqimktvdb','email',NULL,'kdi65r 2o5qvp5 2nods96 faf6c0 ','2016-04-02 04:21:23','2016-04-02 04:21:23',0),(2823,1,'2016-04-12 08:43:59',43.0,32,'Bspddptaad Aelplrcnv','telefon','3867129529','3i8ae9l ','2016-04-02 04:21:23','2016-04-02 04:21:23',0),(2824,3,'2016-04-04 10:03:10',10.3,44,'Ctropavirs Lgdnalcee','telefon',NULL,'1d3a6a9 305t14q v2oi97 3un8g6s 2plqqe5 1nvmvb3 11gqva4 16djeuq ','2016-04-02 04:21:23','2016-04-02 04:21:23',0),(2825,14,'2016-04-01 04:56:26',38.8,14,'Cmaldmrod Pshfjulbkm','email',NULL,NULL,'2016-04-02 04:21:23','2016-04-02 04:21:23',0),(2826,3,'2016-04-04 09:56:09',46.0,4,'Logmcq Abgdickam','telefon','4176553001','1qpvv3j 198ali5 3v6ddnt 1oicq6o 3qfih8d 3gbh2ag ','2016-04-02 04:21:23','2016-04-02 04:21:23',0),(2827,1,'2016-04-02 05:52:33',29.7,42,'Blhnhrmopirj Phpbikc','email','1351425420','3ev8l06 ','2016-04-02 04:21:23','2016-04-02 04:21:23',0),(2828,8,'2016-04-12 12:06:11',37.1,40,'Ahetsnm Rfvfftoou','telefon',NULL,NULL,'2016-04-02 04:21:23','2016-04-02 04:21:23',0),(2829,3,'2016-04-12 16:16:14',15.5,5,'Fqhhpr Efsfnimuv','muu','2460260691',NULL,'2016-04-02 04:21:24','2016-04-02 04:21:24',0),(2830,8,'2016-04-07 02:55:57',23.7,33,'Mfocklbn Gpmarbunh','email','2859338428','20nnacc 263118r 3j6juc6 42u9ea 26m4n2q 18idaif ','2016-04-02 04:21:24','2016-04-02 04:21:24',0),(2831,8,'2016-04-06 00:55:18',36.8,15,'Dcahvkvtpc Aqchgvm','email',NULL,'1i3efce 2l3nud4 1c52d4j bnvi9v 1h2q8lq ','2016-04-02 04:21:24','2016-04-02 04:21:24',0),(2832,8,'2016-04-05 04:38:52',27.3,18,'Kkfqsbhbv Alcjenrv','telefon',NULL,'2hjcrbf 1tklqo9 78m6to 1bkfpu1 ','2016-04-02 04:21:24','2016-04-03 22:11:35',1),(2833,3,'2016-04-09 04:16:55',19.2,15,'Sdgbtddjuu Bjkpv','muu',NULL,NULL,'2016-04-02 04:21:24','2016-04-02 04:21:24',0),(2834,3,'2016-04-03 04:38:07',46.9,41,'Fcikgadefpii Kbvjdpmiaq','email',NULL,NULL,'2016-04-02 04:21:24','2016-04-02 04:21:24',0),(2835,3,'2016-04-02 04:15:54',5.9,1,'Tptflvok Toavmigpo','muu',NULL,'1vri2hd 116f9j 3gbbl0n 32phvmr 2or8ltn pgif8f 3cooo82 ','2016-04-02 04:21:24','2016-04-02 04:21:24',0),(2836,8,'2016-04-13 21:54:50',48.8,34,'Fdggjugciesi Btitbeb','email',NULL,NULL,'2016-04-02 04:21:24','2016-04-02 04:21:24',0),(2837,2,'2016-04-06 08:28:09',10.4,22,'Bjmgiumt Cdmufmnns','telefon',NULL,NULL,'2016-04-02 04:21:24','2016-04-02 04:21:24',0),(2838,8,'2016-04-04 01:57:28',42.3,37,'Bslhqjuf Aartqmlt','muu','823456830',NULL,'2016-04-02 04:21:24','2016-04-03 22:11:32',1),(2839,14,'2016-04-08 07:34:50',10.8,8,'Eujccvbq Asehrjs','muu',NULL,NULL,'2016-04-02 04:21:24','2016-04-02 04:21:24',0),(2840,3,'2016-04-06 00:46:11',34.7,30,'Evhobklf Aptdaiac','telefon',NULL,NULL,'2016-04-02 04:21:24','2016-04-02 04:21:24',0),(2841,8,'2016-04-09 06:15:51',10.9,23,'Pbbmbar Jjdkcdfp','telefon','2439483730',NULL,'2016-04-02 04:21:24','2016-04-02 04:21:24',0),(2842,2,'2016-04-06 18:53:28',43.2,21,'Eplcupc Legbihic','muu','4043547396',NULL,'2016-04-02 04:21:24','2016-04-02 04:21:24',0),(2843,3,'2016-04-07 06:30:09',36.6,3,'Omufdqsnlg Bhlbdg','telefon',NULL,NULL,'2016-04-02 04:21:24','2016-04-02 04:21:24',0),(2844,2,'2016-04-11 22:42:40',2.9,40,'Dvpprbii Alrepskunr','telefon',NULL,NULL,'2016-04-02 04:21:24','2016-04-02 04:21:24',0),(2845,8,'2016-04-07 15:11:53',28.6,25,'Uajntip Fahsaqsgb','email',NULL,NULL,'2016-04-02 04:21:24','2016-04-02 04:21:24',0),(2846,14,'2016-04-13 12:10:31',5.7,22,'Jdqhvhbd Flsqge','email',NULL,NULL,'2016-04-02 04:21:24','2016-04-02 04:21:24',0),(2847,1,'2016-04-03 09:08:49',28.7,40,'Fjhupgjoh Haukbkaga','email',NULL,NULL,'2016-04-02 04:21:25','2016-04-02 04:21:25',0),(2848,1,'2016-04-14 13:04:41',14.7,13,'Benldpu Aakcalphbq','telefon',NULL,'3g89g2f vf0vr7 ','2016-04-02 04:21:25','2016-04-02 04:21:25',0),(2849,1,'2016-04-05 15:48:56',25.5,4,'Cssticno Irnrsk','muu','3159228387',NULL,'2016-04-02 04:21:25','2016-04-02 04:21:25',0),(2850,1,'2016-04-05 10:37:53',44.7,17,'Nnvuaguec Ovvtgbnbd','telefon',NULL,'1v4pmkb eh4fd5 10mdlmn 2ntlgb6 ','2016-04-02 04:21:25','2016-04-02 04:21:25',0),(2851,1,'2016-04-06 02:30:26',24.1,12,'Admkvreqgu Aejckmda','muu',NULL,'fi63q1 1m5s2vc ','2016-04-02 04:21:25','2016-04-02 04:21:25',0),(2852,14,'2016-04-11 23:18:01',25.6,25,'Qtdefpsh Fbmtfrt','muu','4038338528',NULL,'2016-04-02 04:21:25','2016-04-02 04:21:25',0),(2853,8,'2016-04-13 23:27:21',0.0,10,'Bebjhekpvhn Cfjdounsu','telefon','466315627','1kgum1s ','2016-04-02 04:21:25','2016-04-02 04:21:25',0),(2854,1,'2016-04-01 14:26:28',30.1,29,'Ctvmovafrog Mkbbsdfn','muu',NULL,NULL,'2016-04-02 04:21:25','2016-04-02 04:21:25',0),(2855,8,'2016-04-13 13:19:43',24.9,22,'Guaolng Bdrkbrbnhd','email','4211061161','2487cvt 24dd5rb 41004l ','2016-04-02 04:21:25','2016-04-02 04:21:25',0),(2856,2,'2016-04-04 14:23:13',22.1,41,'Fdoftffpbdo Htprujaaf','telefon',NULL,'3alq2lj 1lmceq 1i9tel8 3l69j44 ','2016-04-02 04:21:25','2016-04-02 04:21:25',0),(2857,2,'2016-04-02 18:29:18',27.0,18,'Vghccrog Drqegapobe','email','2564274404',NULL,'2016-04-02 04:21:25','2016-04-02 04:21:25',0),(2858,2,'2016-04-13 10:32:55',26.9,25,'Gpfajjbj Cuitutq','email',NULL,'','2016-04-02 04:21:26','2016-04-02 04:21:26',0),(2859,1,'2016-04-09 12:07:16',16.2,42,'Borcpghsivq Lishiom','telefon',NULL,NULL,'2016-04-02 04:21:26','2016-04-02 04:21:26',0),(2860,2,'2016-04-02 16:49:35',46.1,36,'Esktusts Dcsjgamss','muu',NULL,NULL,'2016-04-02 04:21:26','2016-04-02 04:21:26',0),(2861,8,'2016-04-09 19:02:49',47.2,41,'Amhphqfgc Eosecppiocr','telefon',NULL,NULL,'2016-04-02 04:21:26','2016-04-02 04:21:26',0),(2862,3,'2016-04-07 19:01:39',25.6,10,'Ffavnp Dcvihgtsnr','telefon',NULL,NULL,'2016-04-02 04:21:26','2016-04-02 04:21:26',0),(2863,14,'2016-04-05 09:34:06',45.0,38,'Mhkg Cdgselvn','telefon','3134018287',NULL,'2016-04-02 04:21:26','2016-04-02 04:21:26',0),(2864,1,'2016-04-05 02:33:56',11.5,22,'Galbcjvhf Jcfuiur','email','3063008316',NULL,'2016-04-02 04:21:26','2016-04-02 04:21:26',0),(2865,8,'2016-04-03 07:34:25',14.7,15,'Esicijmrfg Rtpvhnu','telefon','3358228831','15oltf7 25si4uf ptfoqn 2s75bn8 39a1k9f 1i2gbvp 3j9coia 3daquig ','2016-04-02 04:21:26','2016-04-02 04:21:26',0),(2866,14,'2016-04-02 21:52:11',33.4,12,'Uasf Mseiqaott','email',NULL,NULL,'2016-04-02 04:21:26','2016-04-02 04:21:26',0),(2867,2,'2016-04-12 19:10:47',49.9,28,'Geatidnnlt Badgllmm','muu',NULL,NULL,'2016-04-02 04:21:26','2016-04-02 04:21:26',0),(2868,2,'2016-04-10 14:47:47',31.0,15,'Hkbeita Bohbvlaft','telefon','1399092283',NULL,'2016-04-02 04:21:26','2016-04-02 04:21:26',0),(2869,14,'2016-04-11 11:04:20',44.0,28,'Suhdplvpkmo Cmsaih','email',NULL,NULL,'2016-04-02 04:21:26','2016-04-02 04:21:26',0),(2870,3,'2016-04-10 03:37:30',19.3,9,'Foefgehq Cnbmrmtknf','muu',NULL,NULL,'2016-04-02 04:21:26','2016-04-02 04:21:26',0),(2871,14,'2016-04-10 03:05:27',37.6,33,'Unvuiq Dkdrtuu','telefon',NULL,NULL,'2016-04-02 04:21:26','2016-04-02 04:21:26',0),(2872,8,'2016-04-14 21:56:57',42.0,49,'Fqnjpgons Rudjbee','telefon','407705013',NULL,'2016-04-02 04:21:27','2016-04-02 04:21:27',0),(2873,2,'2016-04-03 22:08:06',47.8,10,'Bctlkstaucl Bikkclqt','telefon',NULL,NULL,'2016-04-02 04:21:27','2016-04-02 04:21:27',0),(2874,2,'2016-04-07 08:59:00',32.7,45,'Ponbucjsei Lqhvilo','telefon','1536740063',NULL,'2016-04-02 04:21:27','2016-04-03 22:11:57',0),(2875,8,'2016-04-05 22:24:11',28.6,11,'Nrmfgipvpp Bucglflbbru','telefon','2387229216','3qp708a 26f1ker 7qb7d7 1bgk36s ','2016-04-02 04:21:27','2016-04-02 04:21:27',0),(2876,1,'2016-04-07 01:02:19',46.4,36,'Isohonljju Ptibqeerea','email','4020669471',NULL,'2016-04-02 04:21:27','2016-04-02 04:21:27',0),(2877,3,'2016-04-12 06:15:49',1.8,47,'Rnomkebk Upvkohgpi','muu','4135736971','27lh1kh ppo3cu 1gfka5u hmu23e 32immlt m0n952 ','2016-04-02 04:21:27','2016-04-02 04:21:27',0),(2878,3,'2016-04-13 09:31:04',23.8,30,'Ofcmekiqv Biudfgduhat','telefon','3042377139',NULL,'2016-04-02 04:21:27','2016-04-02 04:21:27',0),(2879,2,'2016-04-02 11:03:12',46.7,23,'Oqahsplhpc Dgejgcmhp','telefon',NULL,NULL,'2016-04-02 04:21:27','2016-04-02 04:21:27',0),(2880,8,'2016-04-07 04:38:48',37.6,32,'Cfueimvlr Agclive','muu','3544531106',NULL,'2016-04-02 04:21:28','2016-04-02 04:21:28',0),(2881,3,'2016-04-07 21:43:41',17.7,15,'Comgcsanp Tlefmhctmt','email','3911936895',NULL,'2016-04-02 04:21:28','2016-04-02 04:21:28',0),(2882,2,'2016-04-12 12:50:47',28.9,14,'Dimlujtprrf Bnrrdtrdbv','email','1183950046',NULL,'2016-04-02 04:21:28','2016-04-02 04:21:28',0),(2883,3,'2016-04-01 17:24:12',29.2,15,'Afggeropcov Cuddegubd','muu',NULL,NULL,'2016-04-02 04:21:28','2016-04-02 04:21:28',0),(2884,2,'2016-04-07 16:45:23',14.3,37,'Cfjlfur Enu','muu','2677593119',NULL,'2016-04-02 04:21:28','2016-04-02 04:21:28',0),(2885,1,'2016-04-02 02:21:08',15.9,27,'Cgpfmnul Blvsrgpj','muu','3592128046',NULL,'2016-04-02 04:21:28','2016-04-02 04:21:28',0),(2886,3,'2016-04-06 02:27:07',39.2,49,'Emnmehlrjtu Brcrbsiudf','telefon','2617958533',NULL,'2016-04-02 04:21:28','2016-04-02 04:21:28',0),(2887,2,'2016-04-05 20:26:47',37.9,35,'Qlhgslkp Sufncnc','muu','1405325646',NULL,'2016-04-02 04:21:29','2016-04-03 22:11:38',1),(2888,2,'2016-04-05 14:46:34',0.8,29,'Cvlnjiilnnb Lrvgkfkj','email','526667224','ga81ls 19451rd 1nc51ej 5bei13 238j65q 18hpt61 ','2016-04-02 04:21:29','2016-04-02 04:21:29',0),(2889,3,'2016-04-12 09:24:11',21.3,45,'Vnnggssjlh Clpndpop','email',NULL,'voqgud 1rs3m1m ou50rh 6irm1g ','2016-04-02 04:21:29','2016-04-02 04:21:29',0),(2890,2,'2016-04-14 12:01:44',12.3,41,'Conitmcfikb Mcrenqbo','muu',NULL,'2so3l47 252lgq3 2ndhgb1 ','2016-04-02 04:21:29','2016-04-02 04:21:29',0),(2891,8,'2016-04-09 08:05:16',37.3,41,'Cvelbpohn Cgkojhisnel','email',NULL,'1cu8vf5 ','2016-04-02 04:21:29','2016-04-02 04:21:29',0),(2892,1,'2016-04-08 20:01:56',30.1,28,'Dtpamklf Ctlrtmjijlq','telefon',NULL,NULL,'2016-04-02 04:21:29','2016-04-02 04:21:29',0),(2893,3,'2016-04-05 10:05:45',7.7,24,'Emscqqtchh Ilrandopf','email',NULL,NULL,'2016-04-02 04:21:29','2016-04-02 04:21:29',0),(2894,8,'2016-04-09 07:56:47',1.6,12,'Lblqujvbmp Iflihnovu','muu',NULL,'1j20h07 1u7lpde 3c6bmjb 3ij12a2 2vmrmp0 1q6rl6b 3vuau1s 86kv8m ','2016-04-02 04:21:29','2016-04-02 04:21:29',0),(2895,2,'2016-04-07 21:33:03',33.8,15,'Aptdsne Drkpapkvbm','telefon',NULL,NULL,'2016-04-02 04:21:29','2016-04-02 04:21:29',0),(2896,2,'2016-04-12 09:36:23',31.8,21,'Iuicpgno Fjshsktmogum','muu','2543187198',NULL,'2016-04-02 04:21:29','2016-04-02 04:21:29',0),(2897,2,'2016-04-06 18:07:31',21.7,30,'Fcqjls Fedqjcqqtmq','telefon','102834838',NULL,'2016-04-02 04:21:29','2016-04-02 04:21:29',0),(2898,1,'2016-04-14 19:36:39',16.1,39,'Fokrkekael Vnqldbvhfa','email',NULL,NULL,'2016-04-02 04:21:29','2016-04-02 04:21:29',0),(2899,8,'2016-04-11 05:47:57',7.2,5,'Cfbqcenmbvh Iobeqagmq','email','3978844676','ul2uoi 35okv8h 3dc9erp 2kvr657 ','2016-04-02 04:21:29','2016-04-02 04:21:29',0),(2900,2,'2016-04-01 12:49:55',35.3,36,'Igfkqg Eovvvg','email',NULL,NULL,'2016-04-02 04:21:29','2016-04-02 04:21:29',0),(2901,3,'2016-04-06 14:26:00',29.6,34,'Tbvgpbd Embibrn','email',NULL,'2klvjkl 9una1g 2to3l3q 3icishm ','2016-04-02 04:21:29','2016-04-03 22:11:47',0),(2902,2,'2016-04-10 04:45:00',13.9,29,'Fcvqupb Dhvmidpoc','telefon','3790115868','1igv4fg mem7pi 3fpu55j 3s78vnk 1r3ai5d 2eit65o 34bhmc8 ','2016-04-02 04:21:29','2016-04-02 04:21:29',0),(2903,3,'2016-04-11 21:09:02',22.0,24,'Adnuevvkjd Rpmnuroat','muu',NULL,'7l6dfb 284a0bs 3q8oobe ','2016-04-02 04:21:29','2016-04-02 04:21:29',0),(2904,3,'2016-04-05 00:14:03',13.6,20,'Mregp Csdruvqgo','muu',NULL,NULL,'2016-04-02 04:21:29','2016-04-02 04:21:29',0),(2905,3,'2016-04-09 17:09:12',24.6,46,'Qkefibntr Sundvodft','email',NULL,NULL,'2016-04-02 04:21:30','2016-04-02 04:21:30',0),(2906,3,'2016-04-03 20:50:18',5.2,21,'Fkjopvfar Pbupbhblg','email','81576148',NULL,'2016-04-02 04:21:30','2016-04-02 04:21:30',0),(2907,14,'2016-04-01 10:15:02',32.4,2,'Metoadp Nndpqnl','telefon','627791565',NULL,'2016-04-02 04:21:30','2016-04-02 04:21:30',0),(2908,3,'2016-04-08 09:10:00',24.4,17,'Caobugdu Fcjcgkee','muu',NULL,'2thok3n 1k2trbr 2ho5vs6 dpqv9v ','2016-04-02 04:21:30','2016-04-02 04:21:30',0),(2909,3,'2016-04-12 15:44:59',44.6,30,'Ummvikmp Ekmqdhd','muu','3860482850',NULL,'2016-04-02 04:21:30','2016-04-02 04:21:30',0),(2910,3,'2016-04-06 08:36:19',10.0,7,'Vokqpmeul Lpshaggl','muu','3571237461',NULL,'2016-04-02 04:21:30','2016-04-02 04:21:30',0),(2911,3,'2016-04-02 08:22:37',37.8,1,'Clvjugr Jbrgk','telefon',NULL,NULL,'2016-04-02 04:21:30','2016-04-02 04:21:30',0),(2912,14,'2016-04-02 18:27:02',3.4,31,'Qradpbjsvk Epvhart','muu','3476851405',NULL,'2016-04-02 04:21:30','2016-04-02 04:21:30',0),(2913,2,'2016-04-06 08:45:21',41.1,24,'Qsscikjf Fbsvbeaq','email',NULL,NULL,'2016-04-02 04:21:30','2016-04-02 04:21:30',0),(2914,14,'2016-04-10 11:03:06',23.1,47,'Cgtirulefj Tljqsm','telefon','2960401345',NULL,'2016-04-02 04:21:31','2016-04-02 04:21:31',0),(2915,2,'2016-04-13 00:02:48',41.7,4,'Ifgahjsfc Ekemakonbl','email','1205752932','183sveb ric0nk 2kf1r3a 2uua9vh ','2016-04-02 04:21:31','2016-04-02 04:21:31',0),(2916,3,'2016-04-12 07:41:25',35.8,46,'Pjqjogpc Jefrcphane','muu',NULL,NULL,'2016-04-02 04:21:31','2016-04-02 04:21:31',0),(2917,8,'2016-04-07 22:41:00',37.4,11,'Ultavjaop Cvpbocoas','telefon','3218174160',NULL,'2016-04-02 04:21:31','2016-04-03 22:12:01',0),(2918,8,'2016-04-10 23:28:34',24.8,15,'Jkscbpj Mpgsinm','muu',NULL,NULL,'2016-04-02 04:21:31','2016-04-02 04:21:31',0),(2919,1,'2016-04-01 22:38:11',3.9,28,'Drjjuijblrt Ukgpsfjkv','telefon',NULL,NULL,'2016-04-02 04:21:31','2016-04-02 04:21:31',0),(2920,8,'2016-04-03 07:30:54',3.2,15,'Docoegbbjh Cevijrhtiv','email',NULL,NULL,'2016-04-02 04:21:31','2016-04-02 04:21:31',0),(2921,14,'2016-04-08 19:40:25',29.7,3,'Gvtblfk Fnsgjourncl','email',NULL,'3auvics ','2016-04-02 04:21:31','2016-04-02 04:21:31',0),(2922,8,'2016-04-12 03:30:53',11.1,8,'Jeqaluaqu Sipsquvq','email',NULL,'25vko20 1mcrio2 ','2016-04-02 04:35:06','2016-04-02 04:35:06',0),(2923,2,'2016-04-01 20:48:10',23.8,20,'Dtmhejdvci Chlppvevqd','muu','1205661242','19b7s03 ','2016-04-02 04:35:06','2016-04-02 04:35:06',0),(2924,3,'2016-04-01 14:27:37',31.7,21,'Knlvbskhjo Urnhffgtpn','muu','399317158','1vmr25o f9kaqu 36qqgl5 fg8v7d 23sug2g ','2016-04-02 04:35:06','2016-04-02 04:35:06',0),(2925,14,'2016-04-08 08:25:06',3.7,21,'Asbscheng Iussmkspdkc','telefon','834500009',NULL,'2016-04-02 04:35:06','2016-04-02 04:35:06',0),(2926,1,'2016-04-13 14:37:44',45.9,13,'Amqhoitfui Dkpumaaiso','muu','2731177028','3q2gp74 3cbb08v 1bcuqrj 2d4p87r ga9g8d 1mnefgp 3or5dle ','2016-04-02 04:35:06','2016-04-02 04:35:06',0),(2927,1,'2016-04-09 20:55:10',47.1,44,'Aunmdjkt Pbtbdbcfglv','muu',NULL,NULL,'2016-04-02 04:35:06','2016-04-02 04:35:06',0),(2928,8,'2016-04-03 20:38:00',7.7,49,'Aohgvvkhnd Qtrarqphk','email',NULL,'','2016-04-02 04:35:06','2016-04-02 04:35:06',0),(2929,8,'2016-04-07 02:05:35',24.7,40,'Afnblksc Ejodncha','telefon',NULL,NULL,'2016-04-02 04:35:07','2016-04-02 04:35:07',0),(2930,2,'2016-04-12 12:14:56',15.6,37,'Apbkkqqifbgt Djnenncjtc','email','4139393397',NULL,'2016-04-02 04:35:07','2016-04-02 04:35:07',0),(2931,8,'2016-04-12 13:21:05',12.1,20,'Atngmpldhbd Hoqmkjqe','telefon','1368732457',NULL,'2016-04-02 04:35:07','2016-04-02 04:35:07',0),(2932,3,'2016-04-11 20:23:48',43.6,40,'Ulnlvjpf Pdgnipid','email','1669976086','53pdvm 2nkctqu 3du1fib 3148oba ','2016-04-02 04:35:07','2016-04-02 04:35:07',0),(2933,14,'2016-04-04 20:49:58',21.6,48,'Cdpssbbc Cifnjhrlb','muu','3589163668','2rel1h8 1t940fa 1b9ocq9 ','2016-04-02 04:35:07','2016-04-02 04:35:07',0),(2934,8,'2016-04-09 15:51:49',48.7,41,'Bqtdqkanlta Bjhogtjfat','email','1410346705',NULL,'2016-04-02 04:35:07','2016-04-02 04:35:07',0),(2935,14,'2016-04-11 23:11:13',8.5,15,'Krfjpakcsej Fhpenlup','muu','128535225',NULL,'2016-04-02 04:35:07','2016-04-02 04:35:07',0),(2936,8,'2016-04-04 15:10:15',46.8,17,'Ttdbiuij Pqhtogli','muu','2187919763',NULL,'2016-04-02 04:35:07','2016-04-02 04:35:07',0),(2937,14,'2016-04-04 13:36:48',7.0,31,'Rhcgqrj Bvnvmepuvjoj','muu',NULL,NULL,'2016-04-02 04:35:07','2016-04-03 22:11:34',1),(2938,3,'2016-04-03 12:35:45',17.7,32,'Eoblfensgo Msnkussjo','muu',NULL,NULL,'2016-04-02 04:35:07','2016-04-02 04:35:07',0),(2939,3,'2016-04-02 07:02:15',22.9,47,'Agvivpien Aahuoablr','telefon','2225870477',NULL,'2016-04-02 04:35:07','2016-04-02 04:35:07',0),(2940,8,'2016-04-01 09:43:16',29.5,21,'Ahgkfhep Ugacekqj','muu','2301780884','1u35tja pthqh6 1p9qn7h 1gsahq1 18kjn9r ','2016-04-02 04:35:07','2016-04-02 04:35:07',0),(2941,8,'2016-04-05 13:41:58',2.5,23,'Edmlgqqehu Qaarbeknob','muu',NULL,'','2016-04-02 04:35:07','2016-04-02 04:35:07',0),(2942,1,'2016-04-05 03:47:38',19.1,13,'Analeaimtfd Tkfccska','telefon','2579847139','tria0v 3u4q3rh bfjphk 1q0o5r3 392btbl 2h3euio ','2016-04-02 04:35:07','2016-04-02 04:35:07',0),(2943,14,'2016-04-09 07:39:15',8.8,46,'Agvepfjv Beddohdfh','email',NULL,'3co83du oc30qp 3ar4997 23tbo98 ','2016-04-02 04:35:07','2016-04-02 04:35:07',0),(2944,14,'2016-04-01 05:45:21',4.4,2,'Bgjjmfrpf Qnmiogih','telefon',NULL,NULL,'2016-04-02 04:35:07','2016-04-02 04:35:07',0),(2945,2,'2016-04-03 12:34:08',10.1,17,'Rljhjdlas Ipqomduk','muu',NULL,'thjaos m2ac9s 2j6ilte 3sfg85c t748gd vulnts ','2016-04-02 04:35:07','2016-04-03 22:10:44',1),(2946,8,'2016-04-04 07:02:17',25.0,6,'Ocqodm Nqfqqfou','email',NULL,NULL,'2016-04-02 04:35:08','2016-04-02 04:35:08',0),(2947,2,'2016-04-11 02:42:11',42.2,33,'Brotbctdhmr Crebinshjfm','telefon','2396384097',NULL,'2016-04-02 04:35:08','2016-04-02 04:35:08',0),(2948,14,'2016-04-09 22:06:52',27.2,22,'Kapetjfrj Dnhbssj','muu',NULL,NULL,'2016-04-02 04:35:08','2016-04-02 04:35:08',0),(2949,3,'2016-04-12 12:11:03',25.5,24,'Edpsvcge Jgpinqelc','email','4150301380',NULL,'2016-04-02 04:35:08','2016-04-02 04:35:08',0),(2950,14,'2016-04-14 23:25:13',4.5,40,'Flqgrvnpllij Dbckqosgim','email',NULL,NULL,'2016-04-02 04:35:08','2016-04-02 04:35:08',0),(2951,3,'2016-04-10 22:02:26',18.8,4,'Ippjqqsko Dfjrhldsipj','email',NULL,NULL,'2016-04-02 04:35:08','2016-04-02 04:35:08',0),(2952,1,'2016-04-14 12:53:33',0.7,34,'Mhnsktpnm Sgpqhnhs','email','806696438',NULL,'2016-04-02 04:35:08','2016-04-02 04:35:08',0),(2953,2,'2016-04-10 08:50:47',22.0,35,'Gnvqeekld Fclbflu','telefon',NULL,'2fseph6 ','2016-04-02 04:35:08','2016-04-02 04:35:08',0),(2954,14,'2016-04-08 17:58:42',44.0,3,'Atahofsak Klhrmg','telefon','1590928734',NULL,'2016-04-02 04:35:08','2016-04-02 04:35:08',0),(2955,2,'2016-04-14 09:34:15',18.4,40,'Ppnirdkmo Rccjdboiv','email','237246208','2t1n60e 3mg0pd6 1342n2v tmoqta ','2016-04-02 04:35:08','2016-04-02 04:35:08',0),(2956,1,'2016-04-07 16:24:56',43.0,46,'Kvbesqgh Ljjnaua','muu','3789727729',NULL,'2016-04-02 04:35:08','2016-04-02 04:35:08',0),(2957,3,'2016-04-03 12:44:03',20.3,45,'Aqkmjogsd Ahtfal','email',NULL,NULL,'2016-04-02 04:35:08','2016-04-02 04:35:08',0),(2958,3,'2016-04-14 17:46:04',34.6,17,'Dgjpclcopif Ogrmrm','muu',NULL,'9m3pmn 3852him 1g25bgp 1c5ibae 1m1qd72 eu4cg 3niqnn5 2rlh110 serf93 ','2016-04-02 04:35:08','2016-04-02 04:35:08',0),(2959,8,'2016-04-01 11:30:02',32.6,28,'Cvvelvfto Sdibpdtln','telefon',NULL,NULL,'2016-04-02 04:35:09','2016-04-02 04:35:09',0),(2960,1,'2016-04-06 09:08:19',39.1,6,'Adckcco Spevlhat','email',NULL,NULL,'2016-04-02 04:35:09','2016-04-02 04:35:09',0),(2961,3,'2016-04-07 16:01:53',32.0,46,'Tgqvntluj Bkmqaueo','telefon','2403086814',NULL,'2016-04-02 04:35:09','2016-04-02 04:35:09',0),(2962,3,'2016-04-07 09:06:05',30.6,8,'Lgqtpfvo Euuccltk','telefon',NULL,NULL,'2016-04-02 04:35:09','2016-04-02 04:35:09',0),(2963,3,'2016-04-04 18:13:35',2.9,42,'Ihgnppg Edgpjhhcut','telefon',NULL,NULL,'2016-04-02 04:35:09','2016-04-02 04:35:09',0),(2964,1,'2016-04-14 03:39:08',39.2,38,'Aeegbvnkl Aibgbhh','telefon','3559882263','1nao1ek ','2016-04-02 04:35:09','2016-04-02 04:35:09',0),(2965,2,'2016-04-04 13:35:23',23.6,18,'Emltdep Uda','muu','3693524221',NULL,'2016-04-02 04:35:09','2016-04-02 04:35:09',0),(2966,1,'2016-04-07 13:07:05',10.1,3,'Icmpjbkmi Dbhoalsgt','email','1359505759',NULL,'2016-04-02 04:35:09','2016-04-02 04:35:09',0),(2967,2,'2016-04-08 13:42:07',4.5,4,'Mmeigveci Ptihtqdevq','muu',NULL,NULL,'2016-04-02 04:35:09','2016-04-02 04:35:09',0),(2968,14,'2016-04-07 03:27:17',1.7,21,'Fmvera Oogrkgkm','telefon','2735759512',NULL,'2016-04-02 04:35:09','2016-04-02 04:35:09',0),(2969,8,'2016-04-01 13:45:10',19.9,3,'Dpgrfeb Avgptchvvc','telefon',NULL,NULL,'2016-04-02 04:35:09','2016-04-02 04:35:09',0),(2970,8,'2016-04-02 18:50:36',22.7,15,'Aimlavjadi Dcrqsbmdkm','telefon','3685312325','kpppdd 2pd1d79 ','2016-04-02 04:35:09','2016-04-02 04:35:09',0),(2971,8,'2016-04-03 02:28:22',11.0,17,'Iefcefrjt Evpshepv','email',NULL,NULL,'2016-04-02 04:35:09','2016-04-02 04:35:09',0),(2972,1,'2016-04-10 03:50:02',44.8,35,'Dlmlrsmcusc Tagtlaac','email',NULL,NULL,'2016-04-02 04:35:09','2016-04-02 04:35:09',0),(2973,8,'2016-04-08 00:40:05',21.0,33,'Nlfctt Bdecqrmavj','telefon',NULL,NULL,'2016-04-02 04:35:10','2016-04-02 04:35:10',0),(2974,3,'2016-04-06 16:52:47',19.9,22,'Ctptneqk Ergalponbn','email',NULL,NULL,'2016-04-02 04:35:10','2016-04-02 04:35:10',0),(2975,3,'2016-04-12 17:29:27',47.7,22,'Fcaukg Mijfkfcir','email',NULL,NULL,'2016-04-02 04:35:10','2016-04-02 04:35:10',0),(2976,1,'2016-04-11 19:29:55',3.8,14,'Kuiovmtit Mkhujbka','muu',NULL,NULL,'2016-04-02 04:35:10','2016-04-02 04:35:10',0),(2977,1,'2016-04-07 20:29:30',33.7,19,'Ejnosfjtab Fgiasvbsnp','email',NULL,NULL,'2016-04-02 04:35:10','2016-04-02 04:35:10',0),(2978,3,'2016-04-13 21:00:58',13.0,36,'Huhj Easjgp','email',NULL,NULL,'2016-04-02 04:35:10','2016-04-02 04:35:10',0),(2979,14,'2016-04-08 15:06:15',8.8,34,'Maldvjlqee Cirmuehl','telefon',NULL,NULL,'2016-04-02 04:35:10','2016-04-02 04:35:10',0),(2980,3,'2016-04-11 14:39:09',22.3,36,'Amikns Hrpqlek','email',NULL,'3rcn00r 2r8go0s 1vhc43e ','2016-04-02 04:35:10','2016-04-02 04:35:10',0),(2981,14,'2016-04-12 12:02:21',39.1,24,'Egubpfnp Eeahagrs','muu','2585385937','381mtug 3ci5ovs 1pahe87 2lu740k s8i0ec 2ebh9ku 3t5abls ','2016-04-02 04:35:10','2016-04-02 04:35:10',0),(2982,14,'2016-04-07 12:15:25',46.7,32,'Lburonvufkr Mbgmfkklqb','telefon','811564463',NULL,'2016-04-02 04:35:10','2016-04-02 04:35:10',0),(2983,3,'2016-04-10 04:50:22',26.8,9,'Scvncalkcc Rfpmds','email',NULL,'2771pmi 1am4kof 7f4fid 1u0hitm 3fog8oc ','2016-04-02 04:35:10','2016-04-02 04:35:10',0),(2984,8,'2016-04-15 01:56:19',29.7,21,'Ehuhsupubi Evclvddui','muu','2238887335','1veq18k u8k6ot ','2016-04-02 04:35:11','2016-04-02 04:35:11',0),(2985,3,'2016-04-13 23:52:37',45.4,47,'Dntrvovh Mphgtfbedta','telefon','2818441022',NULL,'2016-04-02 04:35:11','2016-04-02 04:35:11',0),(2986,3,'2016-04-05 21:24:29',14.4,2,'Iudvbuurp Ccfjhivla','email','1654119644',NULL,'2016-04-02 04:35:11','2016-04-02 04:35:11',0),(2987,8,'2016-04-06 13:33:49',0.0,20,'Chqtl Kqisjdnvk','telefon','471978148','117ganv 2dgbigl 2ac3kof 3qkgqqc 12lgqkq ','2016-04-02 04:35:11','2016-04-02 04:35:11',0),(2988,8,'2016-04-14 14:43:07',31.5,41,'Esoei Bcbcrrddrj','email','3314418122',NULL,'2016-04-02 04:35:11','2016-04-02 04:35:11',0),(2989,1,'2016-04-09 10:26:22',45.1,48,'Dkqeeuno Flrosslkg','muu',NULL,NULL,'2016-04-02 04:35:11','2016-04-02 04:35:11',0),(2990,8,'2016-04-08 12:46:08',11.4,36,'Fiasdntv Brkffivd','telefon',NULL,NULL,'2016-04-02 04:35:11','2016-04-02 04:35:11',0),(2991,3,'2016-04-02 03:01:05',10.9,4,'Aqsrkmftfpf Ebkmsstb','muu',NULL,NULL,'2016-04-02 04:35:11','2016-04-02 04:35:11',0),(2992,1,'2016-04-11 05:16:23',17.2,26,'Uspnongb Emqglbbb','email','3746483696','ap2snv ','2016-04-02 04:35:11','2016-04-02 04:35:11',0),(2993,14,'2016-04-02 19:54:51',41.3,17,'Fbpgadnhsi Trjaou','email','1337093997',NULL,'2016-04-02 04:35:11','2016-04-02 04:35:11',0),(2994,1,'2016-04-02 04:10:23',2.0,19,'Bkhcpvhleso Bnuetspt','muu',NULL,'9nvu6q 2qp0ldg 2jv4tsn 1t85mu2 ','2016-04-02 04:35:11','2016-04-02 04:35:11',0),(2995,1,'2016-04-05 08:37:20',6.1,4,'Euqsnpipdmm Dkhbeuh','email',NULL,'28e5aau 3cq14hf 3tranhd 3n64s4e ','2016-04-02 04:35:11','2016-04-02 04:35:11',0),(2996,14,'2016-04-11 16:52:15',24.3,41,'Fgnantu Qopqomhq','telefon','2670597633',NULL,'2016-04-02 04:35:11','2016-04-02 04:35:11',0),(2997,3,'2016-04-06 19:25:35',8.0,13,'Baoptt Dqktu','email','2144293937','obqppd 2v8v5k3 24jni4d 1t05glc 2p04rls 15i5kmt ','2016-04-02 04:35:11','2016-04-02 04:35:11',0),(2998,14,'2016-04-06 14:29:30',1.5,2,'Boamoarundrgk Lpdade','muu',NULL,NULL,'2016-04-02 04:35:12','2016-04-02 04:35:12',0),(2999,3,'2016-04-05 17:39:41',11.5,40,'Fkncmtfru Dhshffimu','telefon',NULL,NULL,'2016-04-02 04:35:12','2016-04-02 04:35:12',0),(3000,2,'2016-04-05 12:16:10',48.8,31,'Elilvfncc Cqsfirpkm','muu',NULL,NULL,'2016-04-02 04:35:12','2016-04-02 04:35:12',0),(3001,14,'2016-04-01 05:44:50',13.1,4,'Mcnbalq Tijnrfl','email','1071798981',NULL,'2016-04-02 04:35:12','2016-04-02 04:35:12',0),(3002,3,'2016-04-12 05:28:09',9.3,48,'Tfspjqkb Darfns','telefon',NULL,NULL,'2016-04-02 04:35:12','2016-04-02 04:35:12',0),(3003,1,'2016-04-09 20:51:31',17.8,46,'Nrlgroeng Otpfhjasrb','muu',NULL,NULL,'2016-04-02 04:35:12','2016-04-02 04:35:12',0),(3004,2,'2016-04-13 01:12:12',18.8,24,'Cqdjedunfehh Fivvlukl','email',NULL,NULL,'2016-04-02 04:35:12','2016-04-02 04:35:12',0),(3005,14,'2016-04-09 09:03:08',10.3,5,'Nicpek Dplanau','telefon',NULL,NULL,'2016-04-02 04:35:12','2016-04-02 04:35:12',0),(3006,3,'2016-04-11 15:06:13',2.4,33,'Bjnafnjt Aspmefthpkm','email',NULL,NULL,'2016-04-02 04:35:12','2016-04-02 04:35:12',0),(3007,1,'2016-04-02 19:28:57',26.3,33,'Dskfgtlgcb Epohicogeq','muu','220111927',NULL,'2016-04-02 04:35:12','2016-04-02 04:35:12',0),(3008,2,'2016-04-01 05:00:28',29.0,31,'Ajjeajrfsm Eesjjqmfl','muu',NULL,NULL,'2016-04-02 04:35:12','2016-04-02 04:35:12',0),(3009,8,'2016-04-12 18:11:51',7.6,4,'Sidfpdmsias Ceavig','email','24279522',NULL,'2016-04-02 04:35:12','2016-04-02 04:35:12',0),(3010,1,'2016-04-11 19:55:36',33.4,43,'Odputgng Egomnipm','muu','3324785993',NULL,'2016-04-02 04:35:13','2016-04-02 04:35:13',0),(3011,8,'2016-04-02 00:44:21',37.2,1,'Hpjejrgi Bfangprqqul','email','437606356',NULL,'2016-04-02 04:35:13','2016-04-02 04:35:13',0),(3012,2,'2016-04-01 17:48:05',46.3,2,'Ekrtspahe Kvereddgg','telefon',NULL,NULL,'2016-04-02 04:35:13','2016-04-02 04:35:13',0),(3013,1,'2016-04-06 17:40:41',42.1,46,'Cvvrtgjrv Eomgnthhb','telefon','3050549145',NULL,'2016-04-02 04:35:13','2016-04-02 04:35:13',0),(3014,1,'2016-04-13 23:23:45',35.9,7,'Pmchmrieqqi Anahkfcov','muu','671612197',NULL,'2016-04-02 04:35:13','2016-04-02 04:35:13',0),(3015,8,'2016-04-11 00:22:54',36.0,7,'Kskumjrr Ecuttfs','muu','2154262885',NULL,'2016-04-02 04:35:13','2016-04-02 04:35:13',0),(3016,8,'2016-04-02 05:56:34',44.8,30,'Antjdnjjm Fjkprcebe','muu','1586171750',NULL,'2016-04-02 04:35:13','2016-04-02 04:35:13',0),(3017,14,'2016-04-07 09:39:49',23.5,49,'Abpavjfba Ahdkibccn','telefon','372279861',NULL,'2016-04-02 04:35:13','2016-04-02 04:35:13',0),(3018,3,'2016-04-12 00:04:22',7.9,24,'Clopgjdsp Chgcarptangk','telefon','2387376184','2uoq5b1 36fvg0h 2ph5vsh 31u6atl 37nl292 1tloqed ','2016-04-02 04:35:13','2016-04-02 04:35:13',0),(3019,14,'2016-04-13 09:12:07',28.3,37,'Sluqnqkti Tlufpe','muu','622347079',NULL,'2016-04-02 04:35:14','2016-04-02 04:35:14',0),(3020,2,'2016-04-12 08:52:58',5.6,31,'Tfnpc Jvdibjjksmr','muu','1382507016',NULL,'2016-04-02 04:35:14','2016-04-02 04:35:14',0),(3021,3,'2016-04-06 23:18:00',49.1,13,'Fevpc Rbsurqdtfvf','muu',NULL,NULL,'2016-04-02 04:35:15','2016-04-02 04:35:15',0),(3022,1,'2016-04-03 05:19:00',2.0,3,'Tom','telefon',NULL,NULL,'2016-04-02 05:20:01','2016-04-02 05:20:01',0);
/*!40000 ALTER TABLE `booking` ENABLE KEYS */;
UNLOCK TABLES;

--
-- Table structure for table `restaurant`
--

DROP TABLE IF EXISTS `restaurant`;
/*!40101 SET @saved_cs_client     = @@character_set_client */;
/*!40101 SET character_set_client = utf8 */;
CREATE TABLE `restaurant` (
  `id` int(11) NOT NULL AUTO_INCREMENT,
  `name` varchar(30) NOT NULL,
  `aadress` varchar(100) NOT NULL,
  PRIMARY KEY (`id`)
) ENGINE=InnoDB AUTO_INCREMENT=15 DEFAULT CHARSET=utf8;
/*!40101 SET character_set_client = @saved_cs_client */;

--
-- Dumping data for table `restaurant`
--

LOCK TABLES `restaurant` WRITE;
/*!40000 ALTER TABLE `restaurant` DISABLE KEYS */;
INSERT INTO `restaurant` VALUES (1,'Vegan Restoran V','Rataskaevu 12, Tartu'),(2,'Tchaikovsky','Vene tn 9, Tallinn 10123, Estonia'),(3,'Pegasus','Harju 1, Tallinn 10146, Estonia'),(8,'McDonald\'s','Kivila 38'),(14,'Dodo Pizza','Suur-Ameerika 3A1');
/*!40000 ALTER TABLE `restaurant` ENABLE KEYS */;
UNLOCK TABLES;

--
-- Table structure for table `restaurant_table`
--

DROP TABLE IF EXISTS `restaurant_table`;
/*!40101 SET @saved_cs_client     = @@character_set_client */;
/*!40101 SET character_set_client = utf8 */;
CREATE TABLE `restaurant_table` (
  `id` int(11) NOT NULL AUTO_INCREMENT,
  `restaurant_id` int(11) NOT NULL,
  `number` tinyint(2) NOT NULL,
  `count` tinyint(2) NOT NULL,
  PRIMARY KEY (`id`),
  KEY `fk_table_restaurant1_idx` (`restaurant_id`),
  CONSTRAINT `fk_table_restaurant1` FOREIGN KEY (`restaurant_id`) REFERENCES `restaurant` (`id`) ON DELETE NO ACTION ON UPDATE NO ACTION
) ENGINE=InnoDB AUTO_INCREMENT=183 DEFAULT CHARSET=utf8;
/*!40101 SET character_set_client = @saved_cs_client */;

--
-- Dumping data for table `restaurant_table`
--

LOCK TABLES `restaurant_table` WRITE;
/*!40000 ALTER TABLE `restaurant_table` DISABLE KEYS */;
INSERT INTO `restaurant_table` VALUES (104,3,30,4),(105,14,14,11),(106,14,6,47),(107,2,12,18),(109,2,11,6),(110,14,16,22),(111,8,4,47),(114,3,10,44),(115,3,22,16),(116,14,26,45),(117,2,24,13),(118,2,9,10),(119,2,23,13),(120,3,1,36),(123,8,7,45),(124,14,27,12),(125,14,30,33),(128,8,5,18),(129,14,12,13),(130,2,14,16),(131,8,29,48),(132,8,1,1),(133,2,3,13),(145,1,11,11),(146,3,6,15),(147,1,15,16),(148,2,19,20),(149,1,9,12),(150,3,7,47),(151,8,10,34),(152,2,30,12),(153,14,8,18),(154,1,26,43),(155,14,24,22),(156,2,17,22),(157,3,26,42),(158,2,21,32),(159,1,25,17),(160,14,25,45),(161,3,14,7),(162,3,27,49),(163,1,5,15),(164,14,13,13),(165,2,13,31),(166,1,23,2),(167,14,17,32),(168,1,8,42),(169,2,6,8),(170,14,4,21),(172,3,8,30),(173,3,4,19),(174,14,18,26),(175,2,16,14),(176,1,10,10),(178,1,6,5),(180,1,27,27),(181,1,28,1);
/*!40000 ALTER TABLE `restaurant_table` ENABLE KEYS */;
UNLOCK TABLES;
/*!40103 SET TIME_ZONE=@OLD_TIME_ZONE */;

/*!40101 SET SQL_MODE=@OLD_SQL_MODE */;
/*!40014 SET FOREIGN_KEY_CHECKS=@OLD_FOREIGN_KEY_CHECKS */;
/*!40014 SET UNIQUE_CHECKS=@OLD_UNIQUE_CHECKS */;
/*!40101 SET CHARACTER_SET_CLIENT=@OLD_CHARACTER_SET_CLIENT */;
/*!40101 SET CHARACTER_SET_RESULTS=@OLD_CHARACTER_SET_RESULTS */;
/*!40101 SET COLLATION_CONNECTION=@OLD_COLLATION_CONNECTION */;
/*!40111 SET SQL_NOTES=@OLD_SQL_NOTES */;

-- Dump completed on 2016-04-03 22:17:13
